FakeNames for Macie

Frank	Ince	frank.ince@fakemai.com
Lauren	Gill	lauren.gill@fakemai.com
Eric	Russell	eric.russell@fakemai.com
Warren	Coleman	warren.coleman@fakemai.com
Jason	Howard	jason.howard@fakemai.com
David	Sutherland	david.sutherland@fakemai.com
Dorothy	Carr	dorothy.carr@fakemai.com
Richard	Lawrence	richard.lawrence@fakemai.com
Carl	McLean	carl.mclean@fakemai.com
Penelope	Henderson	penelope.henderson@fakemai.com
Adrian	Sutherland	adrian.sutherland@fakemai.com
Jennifer	Lewis	jennifer.lewis@fakemai.com
Joe	Mackenzie	joe.mackenzie@fakemai.com
Carl	Knox	carl.knox@fakemai.com
Diane	Lewis	diane.lewis@fakemai.com
Angela	Short	angela.short@fakemai.com
Leonard	Ball	leonard.ball@fakemai.com
Stewart	Duncan	stewart.duncan@fakemai.com
Stephanie	Berry	stephanie.berry@fakemai.com
Maria	Churchill	maria.churchill@fakemai.com
Leah	Quinn	leah.quinn@fakemai.com
Nathan	Mathis	nathan.mathis@fakemai.com
Ian	Skinner	ian.skinner@fakemai.com
Colin	Jackson	colin.jackson@fakemai.com
Eric	Lewis	eric.lewis@fakemai.com
Wanda	Bower	wanda.bower@fakemai.com
Joshua	Wilkins	joshua.wilkins@fakemai.com
Michael	Graham	michael.graham@fakemai.com
Stephanie	Mackay	stephanie.mackay@fakemai.com
Luke	Howard	luke.howard@fakemai.com
Alan	Mitchell	alan.mitchell@fakemai.com
Dylan	Alsop	dylan.alsop@fakemai.com
Piers	MacLeod	piers.macleod@fakemai.com
Adrian	Bower	adrian.bower@fakemai.com
Robert	Chapman	robert.chapman@fakemai.com
Thomas	Gibson	thomas.gibson@fakemai.com
Abigail	Brown	abigail.brown@fakemai.com
Stewart	Rutherford	stewart.rutherford@fakemai.com
Gavin	Stewart	gavin.stewart@fakemai.com
Eric	Lawrence	eric.lawrence@fakemai.com
Oliver	Johnston	oliver.johnston@fakemai.com
Anne	Piper	anne.piper@fakemai.com
Chloe	Morrison	chloe.morrison@fakemai.com
John	Ferguson	john.ferguson@fakemai.com
Michael	Cameron	michael.cameron@fakemai.com
Abigail	Skinner	abigail.skinner@fakemai.com
Trevor	Walker	trevor.walker@fakemai.com
Rachel	Cameron	rachel.cameron@fakemai.com
Lucas	Marshall	lucas.marshall@fakemai.com
Justin	Hemmings	justin.hemmings@fakemai.com
